{
  "batata": {
    "en": "potato",
    "es": "patata",
    "fr": "pomme de terre"
  },
  "carro": {
    "en": "car",
    "es": "coche"
  },
  "eu": {
    "en": "I",
    "es": "yo",
    "fr": "eu"
  },
  "oitenta e dois": {
    "fr": "quatre vingt deux"
  },
  "peixe": {
    "en": "fish"
  },
  "pessoa": {
    "en": "person",
    "fr": "personne"
  },
  "seis": {
    "de": "sechs"
  },
  "sete": {
    "de": "sieben",
    "en": "Seven",
    "fr": "sept"
  },
  "setenta e dois": {
    "fr": "soixante douze"
  }
}