{
    "Atividade":{
        "Tipo" : "Objeto",
        "Sinonimos" : ["Conferência","Convenção","Reunião","sessões"]
    },
    "Tipo":{
        "Tipo" : "Objeto",
        "Sinonimos" : ["categoria"]
    },
    "Local": {
        "Tipo": "Local",
        "Sinonimos" : ["zona","complexo"]
    },
    "Dia": {
        "Tipo": "Temporal",
        "Sinonimos" : []
    },
    "Início": {
        "Tipo": "Temporal",
        "Sinonimos" : ["começa"]
    },
    "Fim": {
        "Tipo": "Temporal",
        "Sinonimos" : ["acaba"]
    },
    "Descrição": {
        "Tipo": "Objeto",
        "Sinonimos" : ["resumo"]
    },
    "Oradores": {
        "Tipo": "Pessoal",
        "Sinonimos" : ["pregador","palestrante","palestrador","locutor","orador"]
    },
    "Requisitos": {
        "Tipo": "Objeto",
        "Sinonimos" : ["limitações"]
    }
}