{"FAQ":[
    {
        "perguntas": ["O que é a SEI'","Do que trata a SEI","O que sabes sobre a SEI?"],
        "resposta": "A SEI é um evento promovido pelo CesiUM cujo objetivo é promover o gosto pela informática juntos dos alunos."
    },
    {
        "perguntas": ["Onde são as incrições da SEI'","Onde me posso increver?"],
        "resposta": "Para te inscreveres basta aceder ao website da SEI."
    },
    {
        "perguntas": ["A inscrição paga-se?","A SEI é gratuita?","A SEI é grátis?","A inscrição para a SEI é gratuita?"],
        "resposta": "A SEI é gratuita, não tens que pagar."
    },
    {
        "perguntas": ["Quando é a SEI","Quando é que começa a SEI"],
        "resposta": "A SEI realiza-se no início do segundo semestre."
    },
    {
        "perguntas": ["Onde se realiza a SEI","Em que local é a SEI?","Onde é a SEI"],
        "resposta": "A SEI realiza-se no campus de Gualtar da Universidade do Minho."
    }

]}