Nome;Função;Empresa;Descrição;
Celso Martinho;CEO e Fundador;Bright Pixel ;  Celso Martinho é uma pessoa que encontra motivação nos desafios, um geek tecnológico optimista, um homem de produto, uma alma empresarial, eventualmente atirado na carreira de gestão. Fundador da SAPO, o maior projeto de internet de Portugal, agora uma empresa mídia e conteúdo da fábrica de inovação da Portugal Telecom, constrói serviços B2C em grande escala em áreas desde cloud, e-commerce e e-payments até interatividade IPTV. Ele tem um combinado passado em gestão de alto nível, gestão de projetos software, arquitetura de sistemas e desenvolvimento de produto técnico e várias décadas de experiência nas indústrias telecom e internet.  Celso é também CEO e fundador da Bright Pixel, um estúdio de software, casa de uma equipa de experts da indústria com vasta experiência em usar tecnologia e criatividade para criar produtos com alcance mundial e serviços num ambiente diverso de áreas desde desenvolvimento web, segurança, e-payment, tecnologias big-data e design de interfaces e usabilidade.;
Bruno Ribeiro;Gamification Designer;Fractal Mind ;  O Bruno é um criativo da resolução dos problemas, com um background diversificado e uma forte componente no Game Design. Desde cedo que começou a desenhar jogos e a destruir as regras dos ditos jogos de tabuleiro tradicionais. Acompanhou vários Game Designers portugueses como consultor e tem mais de 30 protótipos reféns, à espera de serem libertados.  É escritor, apenas quando pode, e divide o seu tempo entre a família, com os seus dois filhos e a animação de um canal online, na comunidade de Roleplaying games, é um storyteller por natureza, e vive na imaginação de múltiplos mundos, pondo o pé de vez enquanto entre nós!;
David Amador;\_(ツ)_/¯;Upfall Studios ;David começou a modificar (e jogar) jogos logo que teve acesso a um computador ou consola. Ao fim de algum tempo a trabalhar profissionalmente na industria dos jogos decidiu tornar-se independente e fazer os próprios jogos (desde 2010). De entre os títulos em que trabalhou podes encontrar Vizati e Puwang. Mais recentemente, depois de criar Upfall Studios, lançou para 3DS, Xbox One, PS4 e Switch o seu jogo, Quest of Dungeons.;
André Pimenta;CEO e Fundador;Performetric ;CEO e co-founder da Performetric e Doutorado em Informática na especialidade de Inteligência Artificial pela Universidade do Minho.;
Job van der Voort;CEO;Remote;  Vindo da neurociência, juntou-se à tecnologia iniciando uma startup, depois juntou-se ao GitLab como vice-presidente de produto para ajudar a escalar de 5 pessoas a um unicórnio com mais de 400 funcionários. Ele agora está ajudar o mundo a trabalhar remotamente como CEO da Remote.com.  No seu tempo livre, Job adora passar tempo com sua esposa e filha e jogar jogos e violão.;
