{"lista":[
    {
        "expressoes": ["^Bom dia"],
        "resposta": ["Bom dia para ti também!","Bom dia para ti também! Está um dia lindo, de facto!"]
    },
    {
        "expressoes": ["^Boa tarde"],
        "resposta": ["Boa tarde para ti também!","Boa tarde!"]
    },
        {
        "expressoes": ["^Boa Noite"],
        "resposta": ["Boa noite para ti também!","Boa noite!"]
    },
        {
        "expressoes": ["^Boas","^Saudações","^Ol[aá]","^Hey","^Oi"],
        "resposta": ["Olá! Tudo bem?","Saudações! Como vai isso?","Boas parceiro."]
    }
]}